,Description,Category,Amount,Currency,Predicted Categoory
0,"FACEBK NN4B7FPTK2, fb.me/ads",2,0.0,0,2
1,Postering,8,-105.0,0,8
2,"Clearing: CLEARING-20234416133 (period Apr 202 / Funds: 564,45",0,564.45,1,0
3,Dk-Ind03.07,0,648.0,0,0
4,Advertising,2,0.0,0,5
5,Dk3dsf18.08,0,707.75,0,0
6,Dk3dsf19.08,0,344.1,0,0
7,Dk-Ind09.06,0,110.15,0,0
8,"FACEBK TRSA8PBTK2, fb.me/ads",2,0.0,0,2
9,Dk-Ind07.08,0,572.0,0,0
10,Afdrag lån,9,-700.0,0,9
11,Dk-Ind13.08,0,271.65,0,0
12,Dk-Ind01.06,0,621.0,0,0
13,Dk-Ind15.05,0,369.5,0,0
14,Dk-Ind12.08,0,122.1,0,0
15,10852425 Txid 747504023 Multisafepay Payout merchant:10852425 12-07-2023,0,3927.59,1,0
16,Dk-Ind12.07,0,329.2,0,0
17,Dk-Ind16.08,0,344.1,0,0
18,B20230707X002HJX000677074964 0030014485064800 Instapark NL52ABNA0554667061,1,-24.3,1,1
19,Advis 122308181202060 / Credorax Bank Limite,0,3700.25,0,0
20,RV3LTD2PX5H89VB2LJUL 0180312740048576 Uber,1,-12.86,1,0
21,"Snap, 310-399-3339",2,-11.02,0,2
22,Dk-Ind24.03,0,338.4,0,0
23,Dk-Ind08.06,0,119.1,0,0
24,Advis 122301101202487 / OVERFØRSEL,6,0.0,0,6
25,LeverandørService 53821MXNEY APS,9,-23024.4,0,9
26,"Snap, 310-399-3339",2,-24.67,0,2
27,Dk-Ind16.05,0,779.5,0,0
28,000000002000515,10,-850.0,0,5
29,Dk-Ind14.07,0,154.45,0,0
30,Advis 122306151202298 / Clearhaus AS,0,77249.43,0,0
31,[ViaBill] Overførsel,0,1114.31,0,0
32,A vogel,3,-7071.59,0,14
33,Dk-Ind12.07,0,480.7,0,0
34,Dk-Ind18.06,0,95.0,0,0
35,Dk-Ind08.05,0,694.95,0,0
36,-1423.00 EUR to GoCardless,9,-1423.0,1,9
37,"Datafeedwatch, Mijdrecht",0,0.0,0,5
38,"Sikkerhedsstyre, Esbjerg",1,-105.0,0,1
39,Dk3dsf19.04,0,2402.18,0,0
40,Dk-Ind08.05,0,238.9,0,0
41,ALLERGICA,3,-3820.75,0,3
42,Udland - GUANGZHOU GUANGYANGZHIXING,3,-35666.8,0,3
43,Advis 122305161202432 / Clearhaus AS,0,49205.5,0,0
44,Dk-Ind03.04,0,1093.6,0,0
45,MobilePay A.Vogel Danmark A/S,0,-7243.88,0,5
46,"Kontor Syd A/S, Haderslev",17,-738.0,0,17
47,Postering,8,-105.0,0,8
48,Dk-Ind03.04,0,245.3,0,0
49,Dk-Ind11.04,0,757.59,0,0
50,"Ads4649893433, 650-253-0000",2,-4000.0,0,2
51,Dk-Ind25.07,0,157.95,0,0
52,Dk-Ind17.05,0,166.7,0,0
53,Dk-Ind07.06,0,731.35,0,0
54,Advis 122308010206317 / Invoice,6,1382.5,0,0
55,"Snap, 310-399-3339",2,-25.0,0,2
56,Dk3dsf30.07,0,377.2,0,0
57,22169193MI 1030000773766625 ROLLZONE*,3,-157.6,1,3
58,Advis 122211211202457,0,221626.95,0,0
59,Dk-Ind09.08,0,236.48,0,0
60,Dk-Ind21.03,0,169.7,0,0
61,LeverandørService 53821MXNEY APS,9,-5871.89,0,9
62,Dk-Ind22.03,0,180.55,0,0
63,Dk-Ind10.08,0,198.15,0,0
64,P2205190001OP00 Omk,11,-50.0,0,11
65,Dk3dsf30.05,0,393.25,0,0
66,LeverandørService 53821MXNEY APS,9,-14007.17,0,8
67,"Snap, 310-399-3339",2,-25.0,0,2
68,Dk-Ind15.08,0,644.75,0,0
69,Dk-Ind20.03,0,583.6,0,0
70,Dk-Ind03.08,0,334.93,0,0
71,LEGOLAND ApS Onlin,1,-160.0,0,0
72,Dk-Ind17.05,0,363.0,0,0
73,B20230529X002HJX000655925787 0030014104279808 Instapark NL52ABNA0554667061,1,-5.77,1,1
74,-100.00 EUR to Mohammad Umair,1,-100.0,1,1
75,Dk-Ind25.07,0,517.05,0,0
76,Dk-Ind23.05,0,324.3,0,0
77,20792193MI 1030000751371876 ROLLZONE*,3,-363.0,1,3
78,SK Health,3,-5021.25,0,17
79,"Snap, 310-399-3339",2,-23.95,0,2
80,Dk-Ind29.03,0,194.4,0,0
81,Advis 122211181202460,0,0.0,0,0
82,Advis 122304051202373 / OVERFØRSEL,6,0.0,0,6
83,Dk3dsf03.04,0,1264.35,0,0
84,Chbjcph,0,-25036.17,0,2
85,Dk-Ind03.07,0,231.25,0,0
86,Dk-Ind28.06,0,352.9,0,0
87,Dk-Ind11.05,0,111.9,0,0
88,21792193MI 1030000766331221 ROLLZONE*,3,-244.72,1,3
89,Dk3dsf12.06,0,160.2,0,0
90,Dk3dsf12.06,0,987.35,0,0
91,Dk-Ind01.08,0,953.75,0,0
92,Dk-Ind01.05,0,229.4,0,0
93,"Snap, 310-399-3339",2,-10.53,0,2
94,Dk-Ind09.07,0,202.8,0,0
95,Dk-Ind29.03,0,159.45,0,0
96,Dk3dsf03.07,0,189.7,0,0
97,Dk3dsf10.04,0,542.8,0,0
98,Dk-Ind29.06,0,227.4,0,0
99,Dk-Ind27.04,0,405.25,0,0
100,Dk3dsf23.08,0,271.6,0,0
101,Helsam A/S,3,-5924.96,0,3
102,Dk-Ind10.05,0,358.26,0,0
103,Fragt uden moms,7,-23970.0,0,3
104,Dk-Ind03.07,0,305.0,0,0
105,Dk3dsf22.05,0,171.45,0,0
106,"Snap, 310-399-3339",2,0.0,0,2
107,"Ads4649893433, 650-253-0000",2,-4000.0,0,2
108,Dk-Ind11.07,0,462.36,0,0
109,6ST7PUS 0140000783793537 tra 5e96b6e025e3 PayPal Opwaarderen PayPal Pte. Ltd,11,-650.0,1,16
110,Dk-Ind24.05,0,288.65,0,0
111,Dk3dsf31.03,0,518.65,0,0
112,Privat,6,-10000.0,0,2
113,Advis 122305021202297 / Clearhaus AS,0,25733.4,0,0
114,Dk-Ind15.05,0,307.63,0,0
115,Udland - GUANGZHOU BEAUTYWELLNESS HEALTH,3,0.0,0,3
116,"Shopify* 181705634, Dublin",5,-1045.56,0,2
117,Dk-Ind31.05,0,401.7,0,0
118,Dk-Ind18.08,0,249.2,0,0
119,Dk-Ind03.08,0,1041.5,0,0
120,Dk-Ind17.04,0,254.25,0,0
121,Anyday Settlement,0,0.0,0,5
122,Dk-Ind17.04,0,195.4,0,0
123,Dk-Ind24.05,0,496.9,0,0
124,Dk3dsf05.04,0,512.1,0,0
125,Advis 122211300302572,0,9368.75,0,0
126,Dk-Ind01.06,0,340.25,0,0
127,Dk-Ind16.06,0,371.73,0,0
128,Dk-Ind28.06,0,189.3,0,0
129,Dk-Ind17.07,0,806.05,0,0
130,Pharma nord,3,-14958.73,0,10
131,Dk-Ind15.05,0,526.7,0,0
132,LeverandørService 53821MXNEY APS,9,-8490.89,0,9
133,Dk-Ind15.05,0,224.45,0,0
134,Dk3dsf26.05,0,3518.1,0,0
135,Dk3dsf03.05,0,1101.65,0,0
136,Dk-Ind04.07,0,1049.0,0,0
137,Dk-Ind27.03,0,247.45,0,0
138,"Ads4649893433, 650-253-0000",2,-4000.0,0,2
139,Dk-Ind06.06,0,118.65,0,0
140,Dk-Ind24.07,0,404.9,0,0
141,Dk-Ind02.06,0,216.55,0,0
142,Advis 122308041202157 / CREDORAX BANK LIMITE,0,8329.86,0,0
143,Dk3dsf29.06,0,129.7,0,0
144,"Ads4649893433, 650-253-0000",2,0.0,0,2
145,21816193MI 1030000767031055 ROLLZONE*,3,-18.15,1,3
146,2023-14521,6,-3481.17,1,6
147,"Snap, 310-399-3339",2,-25.0,0,2
148,Dk-Ind01.08,0,285.6,0,0
149,Dk-Ind16.03,0,153.5,0,0
150,"FACEBK LGGYHBBG92, fb.me/ads,",2,0.0,0,2
151,Rente af indestående,23,0.0,0,5
152,Dk-Ind20.06,0,940.6,0,0
153,Dk-Ind17.07,0,202.5,0,0
154,Dk-Ind18.06,0,86.15,0,0
155,Dk-Ind03.08,0,675.55,0,0
156,-3000.00 EUR to UA Trading Company,3,-3000.0,1,3
157,"FACEBK RBZH9PXTK2, fb.me/ads",2,0.0,0,2
158,Dk-Ind20.07,0,126.0,0,0
159,Dk3dsf12.07,0,537.75,0,0
160,Dk-Ind12.05,0,132.45,0,0
161,Dk-Ind22.05,0,369.95,0,0
162,Pachamama,0,-6185.0,0,0
163,Dk-Ind19.07,0,137.05,0,0
164,Dk3dsf30.05,0,334.6,0,0
165,Dk3dsf13.07,0,669.6,0,0
166,"Snap, 310-399-3339",2,0.0,0,2
167,Dk3dsf26.04,0,234.45,0,0
168,-398.00 EUR to GoCardless,9,-398.0,1,9
169,Dk-Ind25.07,0,1635.25,0,0
170,"FACEBK UD3VGTFTK2, fb.me/ads",2,-6000.0,0,2
171,"Udenlandsk overførsel til Guangzhou Beautywellness Health omregnet fra 94125,68 USD til kurs 693,345000 KRON230523009SWW",6,-652615.7,0,6
172,Dk-Ind27.07,0,516.63,0,0
173,21815193MI 1030000767029033 ROLLZONE*,3,-183.01,1,3
174,Dk-Ind05.04,0,250.5,0,0
175,Dk-Ind03.07,0,257.7,0,0
176,Dk-Ind21.07,0,490.6,0,0
177,"Snap, 310-399-3339",2,-25.0,0,2
178,Dk-Ind24.04,0,357.1,0,0
179,21187193MI 1030000757195540 ROLLZONE*,3,-182.65,1,3
180,20966193MI 1030000753769991 ROLLZONE*,3,-262.51,1,3
181,Dk-Ind03.08,0,601.85,0,0
182,Dk-Ind31.03,0,1021.5,0,0
183,Udland - GUANGZHOU BEAUTYWELLNESS HEALTH,3,0.0,0,3
184,"Ads4649893433, 650-253-0000",2,-4000.0,0,2
185,"Snap, 310-399-3339",2,0.0,0,2
186,Dk-Ind01.06,0,1056.75,0,0
187,[ViaBill] Overførsel,0,730.16,0,0
188,Dk-Ind21.08,0,916.8,0,0
189,-3000.00 EUR to UA Trading Company,3,-3000.0,1,3
190,Nets,0,16059.66,0,0
191,Dk-Ind09.05,0,1214.96,0,0
192,RCH93HX7QG6NWPG2JDRE 0180313439043628 SendCloud,0,-0.02,1,3
193,LeverandørService 51330AMERO APS,8,-3715.0,0,9
194,Dk-Ind25.07,0,107.19,0,0
195,Advis 122210251401564,0,19913.23,0,0
196,Dk3dsf21.03,0,183.25,0,0
197,MobilePay Haderslev Idrætscenter,0,-90.0,0,0
198,Postering,8,1500.0,0,8
199,Dk3dsf03.08,0,651.5,0,0
200,Helsam,3,-8200.0,0,3
201,"Snap, 310-399-3339",2,-25.0,0,2
202,Content Ad Libitum,2,0.0,0,5
203,"Snap, 310-399-3339",2,-99.67,0,2
204,"Shell Sandelingen O Hendrik Ido A, Nl",1,-120.55,1,1
205,Dk3dsf22.05,0,600.0,0,0
206,Dk-Ind24.07,0,220.2,0,0
207,Nets,0,9030.46,0,0
208,Lime Pharma,3,-5410.13,0,0
209,SKATTEKONTOEN / Told,7,0.0,0,5
210,Dk-Ind20.03,0,661.45,0,0
211,02004478940012308237,0,311.4,0,0
212,Dk3dsf11.05,0,1881.55,0,0
213,-100.00 EUR to Mohammad Umair,1,-100.0,1,1
214,Dk-Ind14.06,0,1195.2,0,0
215,Dk-Ind09.06,0,940.95,0,0
216,"Snap, 310-399-3339",2,0.0,0,2
217,LeverandørService 56294SM LOGISTIK APS,8,0.0,0,9
218,Dk-Ind30.05,0,234.45,0,0
219,Dk-Ind03.07,0,205.1,0,0
220,Dk-Ind11.05,0,320.25,0,0
221,Dk-Ind08.05,0,254.4,0,0
222,Notanr,4,-10.44,0,4
223,-200.00 EUR to Mohammad Umair,1,-200.0,1,1
224,"Snap, 310-399-3339",2,-11.14,0,2
225,Dk-Ind06.06,0,218.4,0,0
226,SKATTEKONTOEN,7,-12151.0,0,3
227,"Shopify* 171754971, Dublin",5,0.0,0,5
228,Dk3dsf17.04,0,338.3,0,0
229,Dk3dsf06.06,0,989.75,0,0
230,Advis 122301101202487 / OVERFØRSEL,0,109160.08,0,0
231,Dk-Ind16.03,0,375.85,0,0
232,Dk-Ind13.04,0,116.1,0,0
233,Anyday Settlement,0,1032.47,0,0
234,-8300.00 EUR to UA Trading Company,3,-8300.0,1,3
235,"Snap, 310-399-3339",2,-24.68,0,2
236,2700.00 EUR to UA Trading Company,3,2700.0,1,3
237,"FACEBK PMGJ4R3TK2, fb.me/ads",2,-8.05,0,2
238,Dk3dsf21.04,0,468.15,0,0
239,Dk3dsf25.04,0,246.3,0,0
240,Dk-Ind30.06,0,419.45,0,0
241,Dk-Ind17.05,0,255.7,0,0
242,"Snap, 310-399-3339",2,0.0,0,2
243,-50.00 EUR to Mohammad Umair,1,-50.0,1,1
244,"Sikkerhedsstyre, Esbjerg",1,-105.0,0,1
245,Dk-Ind06.07,0,937.6,0,0
246,Dk-Ind24.03,0,190.6,0,0
247,Dk-Ind24.07,0,94.15,0,0
248,Advis 122302171202298 / OVERFØRSEL,0,39834.82,0,0
249,LeverandørService 58696MXNEY FINANCE APS,9,-8707.0,0,9
250,Dk-Ind28.06,0,319.25,0,0
251,Dk3dsf04.05,0,413.1,0,0
252,MobilePay A.Vogel Danmark A/S,0,-2829.23,0,2
253,Dk3dsf19.04,0,96.9,0,0
254,Dk3dsf29.03,0,501.4,0,0
255,Dk-Ind10.05,0,204.4,0,0
256,Dk-Ind30.05,0,156.8,0,0
257,Dk3dsf29.03,0,828.25,0,0
258,Dk-Ind06.07,0,662.4,0,0
259,Dk-Ind30.05,0,139.9,0,0
260,"Esso Rdam Vaanweg ROTTERDAM, NL",1,-91.86,1,1
261,Dk3dsf11.07,0,182.45,0,0
262,Dk3dsf03.04,0,-325.6,0,11
263,Dk-Ind15.05,0,229.3,0,0
264,Fragt,8,-87932.0,0,7
265,LeverandørService 56294SM LOGISTIK APS,8,0.0,0,9
266,Dk-Ind12.08,0,322.35,0,0
267,"FACEBK 6TB3PRPTK2, fb.me/ads",2,-6000.0,0,2
268,Dk3dsf08.05,0,918.0,0,0
269,-4900.00 EUR to UA Trading Company,3,-4900.0,1,3
270,02004478940012007237,0,64.25,0,0
271,LeverandørService 53821MXNEY APS,9,0.0,0,9
272,Advis 122306161202116 / Credorax Bank Limite,0,3591.54,0,0
273,Dk-Ind13.07,0,129.4,0,0
274,Dk-Ind27.03,0,300.9,0,0
275,21487193MI 1030000761466903 ROLLZONE*,3,-226.57,1,3
276,Dk-Ind10.08,0,847.05,0,0
277,Dk-Ind24.03,0,276.2,0,0
278,"Snap, 310-399-3339",2,-25.0,0,2
279,Udland - GUANGZHOU BEAUTYWELLNESS,3,0.0,0,3
280,"Pensopay A/S, Vejle",11,-308.75,0,4
281,Dk-Ind30.07,0,257.9,0,0
282,Dk3dsf14.07,0,177.3,0,0
283,Advis 122303140141026 / F:35/MS Branding A/S,0,0.0,0,0
284,Dk-Ind27.07,0,111.55,0,0
285,"Simply.com, Skanderborg",5,-675.0,0,5
286,"Pensopay A/S, Vejle",11,0.0,0,5
287,Dk-Ind30.05,0,111.9,0,0
288,Dk-Ind14.06,0,648.0,0,0
289,Dk-Ind12.05,0,940.6,0,0
290,"Snap, 310-399-3339",2,-25.0,0,2
291,Dk-Ind01.06,0,250.5,0,0
292,Dk-Ind31.05,0,226.0,0,0
293,Dk3dsf06.06,0,263.6,0,0
294,"Hama Sushi - Haderselv, Haderselv",1,-1130.0,0,12
295,Advis 122305121202573 / Clearhaus AS,0,60662.95,0,0
296,"Pensopay A/S, Vejle",11,0.0,0,5
297,"Snap, 310-399-3339",2,0.0,0,2
298,"Clearing: CLEARING-20234660018, CLEARING-20234 / Funds: 2.321,85",0,2321.85,1,0
299,"Snap, 310-399-3339",2,-10.85,0,2
300,"Ads4649893433, 650-253-0000",2,0.0,0,2
301,21394193MI 1030000759955347 ROLLZONE*,3,-147.92,1,3
302,Dk-Ind02.06,0,257.7,0,0
303,"FACEBK P8NE2MBTK2, fb.me/ads",2,-6000.0,0,2
304,Dk-Ind08.05,0,486.1,0,0
305,Dk-Ind28.07,0,298.2,0,0
306,Dk-Ind24.04,0,505.8,0,0
307,LeverandørService 58696MXNEY FINANCE APS,9,-18999.51,0,8
308,Dk-Ind06.07,0,132.53,0,0
309,Nets,0,11694.03,0,0
310,M15154069MGLOPYD 1150013918790588 23272 interlinex.com,3,-1772.65,1,3
311,21968193MI 1030000770631248 ROLLZONE*,3,-190.27,1,3
312,MobilePay: MobilePay Fatima Najm,0,-215.0,0,5
313,Dk-Ind17.04,0,183.7,0,0
314,Dk-Ind22.08,0,263.5,0,0
315,10852425 Txid 732460171 Multisafepay Payout merchant:10852425 03-06-2023,0,2452.34,1,0
316,Dk-Ind15.05,0,299.0,0,0
317,Dk-Ind26.04,0,353.25,0,0
318,Dk-Ind26.04,0,268.9,0,0
319,HM Elteknik,12,15000.0,0,0
320,Nets,0,9135.26,0,0
321,"Snap, 310-399-3339",2,0.0,0,2
322,"Shopify* 151273267, Dublin",5,0.0,0,5
323,Dk-Ind04.05,0,84.5,0,0
324,Dk3dsf04.05,0,1089.5,0,0
325,Dk-Ind09.07,0,696.65,0,0
326,"Snap, 310-399-3339",2,0.0,0,2
327,-250.00 EUR to Mohammad Umair,1,-250.0,1,1
328,Dk-Ind03.07,0,123.2,0,0
329,Dk-Ind31.05,0,150.05,0,0
330,Dk-Ind01.06,0,796.0,0,0
331,"Bp Tjalklaan Rotterdam, Nl",1,-135.12,1,1
332,Norlys Energi A/S,16,-637.45,0,19
333,Dk-Ind22.08,0,1004.75,0,0
334,Nets,0,11136.17,0,0
335,Dk-Ind12.08,0,499.43,0,0
336,Dk-Ind18.06,0,320.5,0,0
337,Dk-Ind24.04,0,127.35,0,0
338,Dk-Ind28.06,0,195.95,0,0
339,Dk-Ind19.06,0,321.6,0,0
340,Dk-Ind26.07,0,447.6,0,0
341,Dk3dsf20.04,0,210.4,0,0
342,"Sikkerhedsstyre, Esbjerg",1,-105.0,0,1
343,Dk-Ind31.05,0,434.3,0,0
344,"Ads3297518833, 650-253-0000",2,-6000.0,0,2
345,Dk-Ind12.06,0,225.15,0,0
346,Dk-Ind10.04,0,728.1,0,0
347,"Kapwing Pro Plan, Newark",5,-142.34,0,4
348,Dk-Ind11.08,0,830.35,0,0
349,"Pensopay A/S, Vejle",11,0.0,0,5
350,"Shopify* 157026501, Dublin",5,0.0,0,5
351,Dk-Ind07.06,0,66.38,0,0
352,Dk-Ind03.08,0,557.5,0,0
353,"Ads5180743448, 650-253-0000",2,-4000.0,0,2
354,Postering,8,-105.0,0,8
355,Dk-Ind14.06,0,725.58,0,0
356,Dk-Ind14.07,0,344.4,0,0
357,Udland - GUANGZHOU BEAUTYWELLNESS HEALTH,3,-35254.29,0,3
358,"Snap, 310-399-3339",2,-23.44,0,2
359,10852425 Txid 736690771 Multisafepay Payout merchant:10852425 14-06-2023,0,1239.73,1,0
360,Dk-Ind01.08,0,189.3,0,0
361,"Snap, 310-399-3339",2,-25.0,0,2
362,Dk-Ind04.08,0,166.01,0,0
363,Dk-Ind01.08,0,122.1,0,0
364,"FACEBK 6ZUXNL3XC2, fb.me/ads",2,0.0,0,2
365,Dk-Ind24.04,0,595.0,0,0
366,Dk-Ind13.07,0,1596.8,0,0
367,portal.postnord.co,8,-2375.0,0,3
368,Dk-Ind22.08,0,131.4,0,0
369,"Ads4649893433, 650-253-0000",2,-4000.0,0,2
370,Dk-Ind28.06,0,720.85,0,0
371,Dk-Ind09.06,0,222.1,0,0
372,Dk-Ind21.06,0,124.0,0,0
373,Nets,0,10457.53,0,0
374,"FACEBK EL8ZME3UK2, fb.me/ads,",2,0.0,0,2
375,"Snap, 310-399-3339",2,0.0,0,2
376,Dk-Ind28.07,0,573.55,0,0
377,Dk3dsf09.06,0,209.4,0,0
378,Advis 122303131203058 / OVERFØRSEL,0,2968.53,0,0
379,Dk3dsf16.03,0,392.9,0,0
380,Dk-Ind03.07,0,310.75,0,0
381,Dk-Ind15.05,0,167.5,0,0
382,Dk3dsf31.05,0,302.7,0,0
383,"Clearing: CLEARING-20234606563 (period Jun 202 / Funds: 256,90",0,256.9,1,0
384,Husleje,16,-12750.0,0,16
385,-200.00 EUR to Mohammad Umair,1,-200.0,1,1
386,"Snap, 310-399-3339",2,-11.69,0,2
387,Dk-Ind29.03,0,393.25,0,0
388,Dk-Ind19.04,0,538.7,0,0
389,21074193MI 1030000754998758 ROLLZONE*,3,-159.66,1,3
390,Dk-Ind14.04,0,2994.3,0,0
391,Dk3dsf15.06,0,392.35,0,0
392,Dk-Ind11.07,0,868.25,0,0
393,"Shopify* 166882371, Dublin",5,-202.05,0,5
394,5500.00 EUR to UA Trading Company,3,5500.0,1,3
395,Dk-Ind11.08,0,203.65,0,0
396,"Snap, 310-399-3339",2,-99.96,0,2
397,"Snap, 310-399-3339",2,0.0,0,2
398,Dk-Ind05.04,0,496.9,0,0
399,Dk-Ind15.08,0,619.2,0,0
400,"Shell Zuidpunt Dordrecht, NL",1,-136.01,1,1
401,Udland - GUANGZHOU BEAUTYWELLNESS,3,0.0,0,3
402,Dk-Ind18.06,0,285.6,0,0
403,Postering,8,-121.0,0,8
404,Postering,8,-336.0,0,8
405,Dk-Ind07.08,0,724.15,0,0
406,Dk-Ind09.07,0,1367.93,0,0
407,Dk-Ind25.04,0,586.85,0,0
408,20888193MI 1030000752726260 ROLLZONE*,3,-189.91,1,3
409,2023-14507,6,-6879.46,1,6
410,"Snap, 310-399-3339",2,-25.0,0,2
411,Advis 122212011202539,0,50793.27,0,0
412,LeverandørService 56294SM LOGISTIK APS,8,-621.25,0,8
413,Advis 122205300903252,0,0.0,0,0
414,Dk-Ind13.04,0,164.95,0,0
415,Dk-Ind14.06,0,129.0,0,0
416,LeverandørService 56294SM LOGISTIK APS,8,-18.75,0,8
417,Advis 122308161202248 / Credorax Bank Limite,0,17484.2,0,0
418,-500.00 EUR to UA Trading Company,3,-500.0,1,3
419,Dk3dsf19.04,0,262.1,0,0
420,"Vistaprint B.V., Venlo",4,-898.0,0,16
421,Dk-Ind02.05,0,1395.55,0,0
422,"Ads4649893433, 650-253-0000",2,0.0,0,2
423,Dk-Ind26.05,0,1679.58,0,0
424,10852425 Txid 737748771 Multisafepay Payout merchant:10852425 17-06-2023,0,1251.88,1,0
425,"Snap, 310-399-3339",2,-25.0,0,2
426,"Ads4649893433, 650-253-0000",2,-4000.0,0,2
427,Lime Pharma,3,-1600.88,0,3
428,"Snap, 310-399-3339",2,-10.64,0,2
429,20646193MI 1030000749117265 ROLLZONE*,3,-168.13,1,3
430,Dk3dsf22.03,0,1237.9,0,0
431,"Shell Stadionweg Rotterdam, Nl",1,-82.36,1,1
432,Dk3dsf14.04,0,382.5,0,0
433,"Snap, 310-399-3339",2,0.0,0,2
434,Dk3dsf03.04,0,728.1,0,0
435,Dk-Ind22.03,0,320.7,0,0
436,Dk-Ind16.03,0,275.0,0,0
437,Dk3dsf06.07,0,626.3,0,0
438,Dk-Ind08.05,0,858.95,0,0
439,Dk3dsf19.06,0,239.9,0,0
440,Udland - GUANGZHOU BEAUTYWELLNESS,3,0.0,0,3
441,Nets,0,760.83,0,0
442,2900.00 EUR to UA Trading Company,3,2900.0,1,3
443,Dk3dsf23.08,0,82.44,0,0
444,Dk3dsf17.04,0,304.9,0,0
445,526567002402076,4,-131.31,0,12
446,LeverandørService 53821MXNEY APS,9,-5809.94,0,9
447,Dk-Ind06.06,0,167.45,0,0
448,Bewise,6,-15000.0,0,10
449,"Snap, 310-399-3339",2,-25.0,0,2
450,Dk3dsf05.04,0,361.45,0,0
451,Nets,0,11000.71,0,0
452,Dk-Ind26.05,0,96.85,0,0
453,Advis 122209161402132,0,0.0,0,0
454,Dk-Ind26.05,0,493.66,0,0
455,Dk-Ind03.07,0,548.8,0,0
456,21786193MI 1030000766285287 ROLLZONE*,3,-183.01,1,3
457,"Snap, 310-399-3339",2,0.0,0,2
458,Dk-Ind24.04,0,177.6,0,0
459,"FACEBK 8J2PYKBTK2, fb.me/ads",2,-6000.0,0,2
460,LeverandørService 53821MXNEY APS,9,0.0,0,9
461,Dk-Ind26.05,0,161.7,0,0
462,"Pensopay A/S, Vejle",11,-988.75,0,5
463,Dk3dsf04.05,0,366.35,0,0
464,Dk-Ind06.06,0,372.15,0,0
465,"Clearing: CLEARING-20234535123 (period May 202 / Funds: 714,85",0,714.85,1,0
466,Udland - GUANGZHOU GUANGYANGZHIXING,3,-33963.78,0,3
467,Dk-Ind17.07,0,628.0,0,0
468,Dk-Ind25.07,0,679.0,0,0
469,LeverandørService 56294SM LOGISTIK APS,8,0.0,0,9
470,Dk-Ind17.04,0,453.7,0,0
471,"ADS*ND9KVJKTK2, fb.me/ads",2,-6000.0,0,2
472,"Udenlandsk overførsel til Guangzhou Beautywellness Health omregnet fra 9161,87 EUR til kurs 746,741400 KRON230509008927",6,-68415.48,0,6
473,Dk-Ind04.07,0,303.4,0,0
474,Dk-Ind23.06,0,870.3,0,0
475,Dk-Ind13.08,0,189.3,0,0
476,Dk-Ind25.05,0,130.3,0,0
477,Dk-Ind22.05,0,1581.8,0,0
478,Udland - ADTRACTION AB,2,0.0,0,2
479,Dk-Ind06.07,0,461.6,0,0
480,Helsam,3,-13213.77,0,0
481,Shipmondo.com (DK),8,-500.0,0,8
482,10852425 Txid 743306699 Multisafepay Payout merchant:10852425 01-07-2023,0,734.37,1,0
483,Dk-Ind23.06,0,625.88,0,0
484,Udland - GUANGZHOU BEAUTYWELLNESS HEALTH,3,0.0,0,3
485,"Snap, 310-399-3339",2,-25.0,0,2
486,"Pensopay A/S, Vejle",11,-126.25,0,2
487,Dk3dsf28.06,0,1941.45,0,0
488,Dk3dsf12.06,0,542.8,0,0
489,-300.00 EUR to Mohammad Umair,1,-300.0,1,1
490,Advis 122303171202414 / OVERFØRSEL,0,905.92,0,0
491,Dk-Ind15.05,0,116.5,0,0
492,Dk-Ind17.05,0,272.7,0,0
493,Dk-Ind01.06,0,267.6,0,0
494,Shipmondo.com (DK),8,-500.0,0,8
495,10852425 Txid 722589627 Multisafepay Payout merchant:10852425 08-05-2023,0,6754.09,1,0
496,100000000006268,4,-246.5,0,5
497,Dk-Ind23.05,0,774.6,0,0
498,20973193MI 1030000753858792 ROLLZONE*,3,-189.91,1,3
499,Dk3dsf17.07,0,183.7,0,0
500,Dk3dsf05.04,0,1114.6,0,0
501,Udland - GUANGZHOU BEAUTYWELLNESS HEALTH,3,0.0,0,3
502,Dk-Ind10.05,0,239.55,0,0
503,-4000.00 EUR to UA Trading Company,3,-4000.0,1,3
504,"FACEBK H68X7JPTK2, fb.me/ads,",2,0.0,0,2
505,LeverandørService 53821MXNEY APS,9,0.0,0,9
506,Dk-Ind11.08,0,295.5,0,0
507,"FACEBK 2E32SVFTK2, fb.me/ads",2,-6000.0,0,2
508,21393193MI 1030000759954635 ROLLZONE*,3,-178.17,1,3
509,Dk-Ind12.08,0,120.53,0,0
510,Dk-Ind29.06,0,636.8,0,0
511,Dk-Ind12.07,0,369.0,0,0
512,Helsam,3,-5312.5,0,3
513,Dk3dsf21.08,0,372.8,0,0
514,Dk-Ind24.07,0,136.15,0,0
515,20625193MI 1030000748833014 ROLLZONE*,3,-18.15,1,3
516,Dk-Ind03.07,0,250.5,0,0
517,"Snap, 310-399-3339",2,-25.0,0,2
518,Dk-Ind31.05,0,146.6,0,0
519,"FACEBK 2GDD7TXSK2, fb.me/ads",2,-6000.0,0,2
520,Nets,0,6823.55,0,0
521,Dk-Ind08.05,0,276.6,0,0
522,Dk-Ind21.07,0,219.35,0,0
523,Dk-Ind26.04,0,577.6,0,0
524,LeverandørService 58696MXNEY FINANCE APS,9,-4200.16,0,11
525,"Snap, 310-399-3339",2,-10.71,0,2
526,-1100.00 EUR to GoCardless,9,-1100.0,1,9
527,B20230524X002HJX000652826534 0030014044535710 Instapark NL52ABNA0554667061,1,-27.75,1,6
528,"Ads3297518833, 650-253-0000",2,-6000.0,0,2
529,Dk-Ind22.07,0,269.83,0,0
530,Dk3dsf20.08,0,149.5,0,0
531,"Ads5180743448, Internet",2,-4000.0,0,10
532,[ViaBill] Overførsel,0,652.87,0,0
533,Afdrag varelager,3,-4500.0,0,3
534,A.vogel,3,-11350.79,0,3
535,"Snap, 310-399-3339",2,-25.0,0,2
536,Dk-Ind22.08,0,634.8,0,0
537,21869193MI 1030000768382958 ROLLZONE*,3,-183.01,1,3
538,Dk-Ind07.08,0,335.6,0,0
539,Dk-Ind09.08,0,584.2,0,0
540,Anyday Settlement,0,0.0,0,5
541,Dk-Ind26.04,0,1365.53,0,0
542,"Ads4649893433, 650-253-0000",2,-2150.1,0,2
543,Dk-Ind28.06,0,139.0,0,0
544,Dk-Ind03.08,0,517.8,0,0
545,Advis 122306151202209 / Credorax Bank Limite,0,4786.94,0,0
546,Dk-Ind08.05,0,119.1,0,0
547,Dk-Ind28.06,0,466.5,0,0
548,"Snap, 310-399-3339",2,0.0,0,2
549,Dk3dsf24.04,0,269.6,0,0
550,Udg7mdco5h1vukw,4,-90.23,0,5
551,Dk-Ind19.05,0,687.6,0,0
552,Dk-Ind12.05,0,748.25,0,0
553,-2000.00 EUR to Mohammad Umair,1,-2000.0,1,1
554,"Snap, 310-399-3339",2,-21.84,0,2
555,Dk-Ind27.06,0,258.25,0,0
556,LeverandørService 53821MXNEY APS,9,0.0,0,9
557,"Snap, 310-399-3339",2,-25.0,0,2
558,Gebyr,13,0.0,0,5
559,"Snap, 310-399-3339",2,0.0,0,2
560,Dk-Ind11.07,0,583.8,0,0
561,Dk-Ind14.06,0,377.8,0,0
562,Dk3dsf01.06,0,736.95,0,0
563,Dk-Ind05.04,0,563.0,0,0
564,Dk-Ind17.05,0,702.4,0,0
565,"Shopify* 158328871, Dublin",5,0.0,0,5
566,Dk-Ind27.07,0,123.95,0,0
567,Dk3dsf22.08,0,257.68,0,0
568,LeverandørService 53821MXNEY APS,9,0.0,0,9
569,Dk-Ind24.04,0,193.0,0,0
570,Postering,8,-105.0,0,8
571,LeverandørService 56294SM LOGISTIK APS,8,-33157.51,0,9
572,Dk-Ind19.05,0,321.5,0,0
573,CAMETTE APS,3,-2124.0,0,3
574,"FACEBK TNSHVK3UK2, fb.me/ads",2,-3511.59,0,2
575,Dk-Ind30.07,0,300.0,0,0
576,Dk-Ind21.03,0,277.9,0,0
577,Dk-Ind22.05,0,361.68,0,0
578,-1200.00 EUR to UA Trading Company,3,-1200.0,1,3
579,Dk-Ind09.07,0,406.53,0,0
580,Dk3dsf19.05,0,1074.15,0,0
581,Dk-Ind23.06,0,216.8,0,0
582,"Ads4649893433, 650-253-0000",2,0.0,0,2
583,Dk-Ind25.04,0,642.85,0,0
584,Advis 122304251202409 / Clearhaus AS,0,24860.48,0,0
585,Dk3dsf28.06,0,332.75,0,0
586,Dk-Ind22.03,0,215.0,0,0
587,"Shopify* 156618186, Dublin",5,0.0,0,5
588,Dk-Ind04.05,0,203.0,0,0
589,Dk-Ind12.06,0,184.45,0,0
590,Dk-Ind31.05,0,236.85,0,0
591,"Clearing: 5 invoices / Funds: 2.295,03",0,2295.03,1,0
592,"FACEBK 6ESTGBFG92, fb.me/ads,",2,-4000.0,0,2
593,Dk-Ind15.03,0,394.5,0,0
594,Dk-Ind04.05,0,501.4,0,0
595,Advis 122211041401572,0,0.0,0,0
596,LeverandørService 53821MXNEY APS,9,0.0,0,9
597,Dk-Ind09.08,0,106.58,0,0
598,Udland - GUANGZHOU BEAUTYWELLNESS,3,0.0,0,3
599,Dk3dsf05.04,0,1956.08,0,0
600,Dk-Ind12.04,0,310.95,0,0
601,Adviva ApS,12,-6000.0,0,3
602,Dk-Ind15.08,0,497.5,0,0
603,Straksoverførsel pr 16-05-2022 til 6695 1002295519,10,-5029.38,0,17
604,Dk-Ind15.05,0,171.4,0,0
605,Dk-Ind05.04,0,258.25,0,0
606,21992193MI 1030000770979383 ROLLZONE*,3,-774.4,1,3
607,Dk-Ind17.05,0,334.1,0,0
608,Dk-Ind01.06,0,536.75,0,0
609,21497193MI 1030000761525420 ROLLZONE*,3,-190.27,1,3
610,Dk-Ind05.04,0,220.2,0,0
611,21288193MI 1030000758395497 ROLLZONE*,3,-189.91,1,3
612,Dk-Ind09.08,0,1133.05,0,0
613,"Snap, 310-399-3339",2,0.0,0,2
614,Dk-Ind06.08,0,106.45,0,0
615,"Jasper.Ai, Rollingwood",5,0.0,0,5
616,"Snap, 310-399-3339",2,0.0,0,2
617,"FACEBK MXH8WL3XC2, fb.me/ads",2,-2500.0,0,2
618,Dk-Ind08.08,0,68.28,0,0
619,22086193MI 1030000772694659 ROLLZONE*,3,-190.27,1,3
620,2023044,6,-1815.0,1,3
621,Dk-Ind22.07,0,350.53,0,0
622,Dk3dsf11.04,0,857.65,0,0
623,[ViaBill] Overførsel,0,795.68,0,0
624,"Ads4649893433, 650-253-0000",2,-4000.0,0,2
625,Dk-Ind19.05,0,64.45,0,0
626,Dk-Ind22.08,0,818.31,0,0
627,Udland - GUANGZHOU BEAUTYWELLNESS,3,-35237.76,0,3
628,Dk-Ind09.07,0,382.25,0,0
629,"Snap, 310-399-3339",2,-24.19,0,2
630,"Ads4649893433, 650-253-0000",2,-4000.0,0,2
631,Dk-Ind01.05,0,152.5,0,0
632,Dk-Ind12.08,0,213.9,0,0
633,Dk3dsf27.03,0,265.7,0,0
634,Dk3dsf01.08,0,604.1,0,0
635,Udland - GUANGZHOU BEAUTYWELLNESS,3,0.0,0,3
636,Dk-Ind22.05,0,880.6,0,0
637,21627193MI 1030000763520762 ROLLZONE*,3,-190.27,1,3
638,Udland - GUANGZHOU GUANGYANGZHIXING TECHNO,0,-1614.33,0,3
639,Dk-Ind13.04,0,1572.75,0,0
640,Dk3dsf04.07,0,527.16,0,0
641,Dk3dsf30.03,0,213.6,0,0
642,Dk-Ind25.05,0,166.45,0,0
643,Dk3dsf18.06,0,344.1,0,0
644,22110193MI 1030000773042349 ROLLZONE*,3,-157.6,1,3
645,"GSUITE VITIO.DK, Dublin",5,0.0,0,5
646,"Snap, 310-399-3339",2,-25.0,0,2
647,21065193MI 1030000754993516 ROLLZONE*,3,-182.65,1,3
648,Dk-Ind11.04,0,414.9,0,0
649,Dk3dsf11.07,0,402.15,0,0
650,-2274.37 EUR to GoCardless,9,-2274.37,1,9
651,"Snap, 310-399-3339",2,-12.07,0,2
652,"Snap, 310-399-3339",2,0.0,0,2
653,Dk-Ind29.03,0,560.2,0,0
654,Dk-Ind19.04,0,54.15,0,0
655,Dk-Ind17.07,0,696.15,0,0
656,Advis 122306071202326 / Clearhaus AS,0,41801.97,0,0
657,Dk3dsf08.08,0,635.0,0,0
658,Nets,0,4369.11,0,0
659,"Pensopay A/S, Vejle",11,0.0,0,5
660,Dk3dsf22.05,0,1324.2,0,0
661,Dk-Ind16.03,0,153.5,0,0
662,Dk-Ind09.05,0,225.75,0,0
663,LeverandørService 53821MXNEY APS,9,-4262.02,0,11
664,Dk-Ind24.03,0,222.7,0,0
665,Dk3dsf01.05,0,525.8,0,0
666,Dk-Ind05.04,0,1659.7,0,0
667,"Ds Pita Bar, Holstebro",1,-85.0,0,5
668,"Snap, 310-399-3339",2,0.0,0,2
669,[ViaBill] Overførsel,0,232.2,0,0
670,Dk3dsf01.08,0,739.75,0,0
671,Dk-Ind16.03,0,166.5,0,0
672,"FACEBK UM4WEE3UK2, fb.me/ads",2,-100.0,0,2
673,LeverandørService 53821MXNEY APS,9,0.0,0,9
674,"Shopify* 156618186, Dublin",5,-221.99,0,5
675,-500.00 EUR to Mohammad Umair,1,-500.0,1,1
676,"Snap, 310-399-3339",2,0.0,0,2
677,Advertising,2,0.0,0,5
678,Dk-Ind23.06,0,419.7,0,0
679,21488193MI 1030000761470853 ROLLZONE*,3,-170.91,1,3
680,"FACEBK JTQTEL7XC2, fb.me/ads",2,0.0,0,2
681,Dk-Ind29.06,0,353.25,0,0
682,DanDomain A/S,12,-1955.0,0,10
683,Dk3dsf10.08,0,1863.15,0,0
684,Dk-Ind08.06,0,159.5,0,0
685,Dk-Ind08.05,0,314.4,0,0
686,Dk-Ind20.07,0,413.65,0,0
687,Dk-Ind07.07,0,305.15,0,0
688,20681193MI 1030000749441538 ROLLZONE*,3,-147.56,1,3
689,"Clearing: CLEARING-20234653020 (period Jun 202 / Funds: 169,00",0,169.0,1,0
690,Anyday Settlement,0,0.0,0,5
691,Dk-Ind22.08,0,275.3,0,0
692,"Simply.com, Skanderborg",5,-675.0,0,5
693,Postering,8,3352.25,0,8
694,Dk-Ind05.08,0,390.65,0,0
695,Dk-Ind18.04,0,199.75,0,0
696,Pharma Nord,3,-11313.86,0,3
697,"Upwork -513250813REF, +1",5,-1206.9,0,19
698,"FACEBK JTQTEL7XC2, fb.me/ads",2,-300.0,0,2
699,-2900.00 EUR to UA Trading Company,3,-2900.0,1,3
700,Dk-Ind22.05,0,442.1,0,0
701,Shipmondo.com (DK),8,-500.0,0,8
702,Dk-Ind19.05,0,144.1,0,0
703,"Ads5180743448, 650-253-0000",2,-3200.0,0,2
704,"Clerk.Io* Clerk.Io, Copenhagen S",5,-4610.26,0,5
705,Advis 122303311202589 / OVERFØRSEL,6,0.0,0,6
706,Dk-Ind30.05,0,1412.4,0,0
707,"Sikkerhedsstyre, Esbjerg",1,-105.0,0,1
708,Dk-Ind11.08,0,540.85,0,0
709,"Snap, 310-399-3339",2,0.0,0,2
710,Dk-Ind21.03,0,369.47,0,0
711,Dk3dsf30.03,0,926.9,0,0
712,Dk3dsf14.04,0,313.5,0,0
713,"Snap, 310-399-3339",2,0.0,0,2
714,Dk-Ind16.06,0,195.05,0,0
715,Dk-Ind03.07,0,89.55,0,0
716,Dk-Ind17.04,0,179.8,0,0
717,Advis 122209221402089,0,0.0,0,0
718,"Snap, 310-399-3339",2,-25.0,0,2
719,Dk-Ind05.04,0,69.6,0,0
720,"Snap, 310-399-3339",2,-18.28,0,2
721,Dk3dsf15.08,0,405.3,0,0
722,Dk-Ind24.03,0,434.4,0,0
723,Dk-Ind01.05,0,189.3,0,0
724,-200.00 EUR to Mohammad Umair,1,-200.0,1,1
725,Dk3dsf25.05,0,984.45,0,0
726,Dk3dsf07.06,0,1353.75,0,0
727,Dk-Ind01.05,0,461.4,0,0
728,Dk-Ind15.03,0,171.7,0,0
729,LeverandørService 58696MXNEY FINANCE APS,9,-3571.17,0,8
730,Dk-Ind04.05,0,980.25,0,0
731,Dk-Ind21.04,0,1010.85,0,0
732,Dk-Ind15.05,0,628.0,0,0
733,"FACEBK LGGYHBBG92, fb.me/ads,",2,-4380.58,0,2
734,Dk-Ind03.07,0,473.65,0,0
735,"Ads4649893433, 650-253-0000",2,-4000.0,0,2
736,Dk-Ind21.03,0,204.2,0,0
737,Dk-Ind05.07,0,456.1,0,0
738,Dk-Ind06.07,0,753.6,0,0
739,Postering,8,-1121.25,0,8
740,Dk-Ind03.04,0,154.5,0,0
741,Notanr,4,-10.23,0,4
742,Dk3dsf29.03,0,189.3,0,0
743,"Snap, 310-399-3339",2,0.0,0,2
744,Nets,0,3563.68,0,0
745,Anyday Settlement,0,11974.06,0,0
746,Notanr,4,-25.0,0,4
747,-50.00 EUR to Mohammad Umair,1,-50.0,1,1
748,B20230512X002HJX000647112263 0030013941649796 Instapark NL52ABNA0554667061,1,-9.12,1,1
749,"FiverrEU Nicosia, CY",12,-166.31,1,1
750,Dk-Ind08.05,0,599.7,0,0
751,Dk-Ind04.05,0,314.4,0,0
752,Dk-Ind05.04,0,326.5,0,0
753,Dk-Ind03.07,0,250.45,0,0
754,Dk-Ind28.06,0,242.0,0,0
755,Dk-Ind15.05,0,183.3,0,0
756,1108,4,-448.75,0,2
757,Dk-Ind03.07,0,225.9,0,0
758,Advis 122211111202485,0,0.0,0,0
759,22072193MI 1030000772415409 ROLLZONE*,3,-183.01,1,3
760,TX1072810140XT Refund for UberDirectNL?PBV ref:d802da22809a3d1c91321e5f76b76?0,3,19.99,1,0
761,10852425 Txid 733665009 Multisafepay Payout merchant:10852425 06-06-2023,0,3398.91,1,0
762,Dk3dsf30.07,0,483.7,0,0
763,"ADS4649893433, ccØgoogle.co",2,-4000.0,0,2
764,21388193MI 1030000759941245 ROLLZONE*,3,-170.91,1,3
765,Dk-Ind24.05,0,1109.4,0,0
766,Dk-Ind09.07,0,585.38,0,0
767,"FiverrEU, Nicosia",12,-314.87,0,12
768,"Snap, 310-399-3339",2,-10.91,0,2
769,Dk-Ind09.08,0,248.7,0,0
770,Dk-Ind17.04,0,295.65,0,0
771,LeverandørService 53821MXNEY APS,9,0.0,0,9
772,Dk-Ind12.04,0,65.7,0,0
773,Dk-Ind23.08,0,413.4,0,0
774,Dk-Ind09.05,0,176.0,0,0
775,"FACEBK YPABKM3TK2, fb.me/ads",2,0.0,0,2
776,Dk3dsf30.06,0,331.5,0,0
777,Dk-Ind10.07,0,433.7,0,0
778,LeverandørService 53821MXNEY APS,9,0.0,0,9
779,20740193MI 1030000750656248 ROLLZONE*,3,-336.26,1,3
780,Dk-Ind13.04,0,490.95,0,0
781,Dk-Ind20.03,0,187.35,0,0
